-- MySQL Script generated by MySQL Workbench
-- Sun Jan 21 18:46:38 2024
-- Model: New Model    Version: 1.0
-- MySQL Workbench Forward Engineering

SET @OLD_UNIQUE_CHECKS=@@UNIQUE_CHECKS, UNIQUE_CHECKS=0;
SET @OLD_FOREIGN_KEY_CHECKS=@@FOREIGN_KEY_CHECKS, FOREIGN_KEY_CHECKS=0;
SET @OLD_SQL_MODE=@@SQL_MODE, SQL_MODE='ONLY_FULL_GROUP_BY,STRICT_TRANS_TABLES,NO_ZERO_IN_DATE,NO_ZERO_DATE,ERROR_FOR_DIVISION_BY_ZERO,NO_ENGINE_SUBSTITUTION';

-- -----------------------------------------------------
-- Schema mydb
-- -----------------------------------------------------
-- -----------------------------------------------------
-- Schema travel_agency_star_db
-- -----------------------------------------------------

-- -----------------------------------------------------
-- Schema travel_agency_star_db
-- -----------------------------------------------------
CREATE SCHEMA IF NOT EXISTS `travel_agency_star_db` DEFAULT CHARACTER SET utf8mb4 COLLATE utf8mb4_0900_ai_ci ;
USE `travel_agency_star_db` ;

-- -----------------------------------------------------
-- Table `travel_agency_star_db`.`destination`
-- -----------------------------------------------------
DROP TABLE IF EXISTS `travel_agency_star_db`.`destination` ;

CREATE TABLE IF NOT EXISTS `travel_agency_star_db`.`destination` (
  `id_destination` INT NOT NULL AUTO_INCREMENT,
  `destination_city` VARCHAR(45) NOT NULL,
  `destination_country` VARCHAR(45) NOT NULL,
  `destination_continent` VARCHAR(45) NOT NULL,
  `destination_image` VARCHAR(45) NULL DEFAULT NULL,
  PRIMARY KEY (`id_destination`))
ENGINE = InnoDB
AUTO_INCREMENT = 16
DEFAULT CHARACTER SET = utf8mb4
COLLATE = utf8mb4_0900_ai_ci;


-- -----------------------------------------------------
-- Table `travel_agency_star_db`.`accommodation_unit`
-- -----------------------------------------------------
DROP TABLE IF EXISTS `travel_agency_star_db`.`accommodation_unit` ;

CREATE TABLE IF NOT EXISTS `travel_agency_star_db`.`accommodation_unit` (
  `id_accommodation_unit` INT NOT NULL AUTO_INCREMENT,
  `accommodation_unit_name` VARCHAR(45) NOT NULL,
  `accommodation_unit_capacity` INT NOT NULL,
  `accommodation_type` ENUM('Apartment', 'Hotel_one_night', 'Hotel_one_night_and_breakfast', 'Half_board') NOT NULL,
  `wifi` TINYINT NOT NULL,
  `bathroom` TINYINT NOT NULL,
  `tv` TINYINT NOT NULL,
  `conditioner` TINYINT NOT NULL,
  `id_destination` INT NOT NULL,
  `accommodation_unit_description` VARCHAR(255) NOT NULL,
  PRIMARY KEY (`id_accommodation_unit`),
  INDEX `id_destination` (`id_destination` ASC),
  CONSTRAINT `accommodation_unit_ibfk_1`
    FOREIGN KEY (`id_destination`)
    REFERENCES `travel_agency_star_db`.`destination` (`id_destination`)
    ON DELETE CASCADE)
ENGINE = InnoDB
AUTO_INCREMENT = 20
DEFAULT CHARACTER SET = utf8mb4
COLLATE = utf8mb4_0900_ai_ci;


-- -----------------------------------------------------
-- Table `travel_agency_star_db`.`coupon`
-- -----------------------------------------------------
DROP TABLE IF EXISTS `travel_agency_star_db`.`coupon` ;

CREATE TABLE IF NOT EXISTS `travel_agency_star_db`.`coupon` (
  `id_coupon` INT NOT NULL AUTO_INCREMENT,
  `id_travel` INT NULL DEFAULT NULL,
  `Winter` TINYINT(1) NULL DEFAULT NULL,
  `Summer` TINYINT(1) NULL DEFAULT NULL,
  `Last_min` TINYINT(1) NULL DEFAULT NULL,
  `New_year` TINYINT(1) NULL DEFAULT NULL,
  `coupon_start_date` TIMESTAMP NULL DEFAULT NULL,
  `coupon_end_date` TIMESTAMP NULL DEFAULT NULL,
  `coupon_discount` FLOAT NOT NULL,
  PRIMARY KEY (`id_coupon`))
ENGINE = InnoDB
AUTO_INCREMENT = 19
DEFAULT CHARACTER SET = utf8mb4
COLLATE = utf8mb4_0900_ai_ci;


-- -----------------------------------------------------
-- Table `travel_agency_star_db`.`loyalty_card`
-- -----------------------------------------------------
DROP TABLE IF EXISTS `travel_agency_star_db`.`loyalty_card` ;

CREATE TABLE IF NOT EXISTS `travel_agency_star_db`.`loyalty_card` (
  `id_loyalty_card` INT NOT NULL AUTO_INCREMENT,
  `points` INT NULL DEFAULT NULL,
  `id_user` INT NOT NULL,
  `activated` TINYINT(1) NOT NULL,
  PRIMARY KEY (`id_loyalty_card`))
ENGINE = InnoDB
AUTO_INCREMENT = 33
DEFAULT CHARACTER SET = utf8mb4
COLLATE = utf8mb4_0900_ai_ci;


-- -----------------------------------------------------
-- Table `travel_agency_star_db`.`loyalty_card_junction`
-- -----------------------------------------------------
DROP TABLE IF EXISTS `travel_agency_star_db`.`loyalty_card_junction` ;

CREATE TABLE IF NOT EXISTS `travel_agency_star_db`.`loyalty_card_junction` (
  `id` INT NOT NULL AUTO_INCREMENT,
  `id_junction` INT NOT NULL,
  `points` INT NOT NULL,
  PRIMARY KEY (`id`))
ENGINE = InnoDB
AUTO_INCREMENT = 41
DEFAULT CHARACTER SET = utf8mb4
COLLATE = utf8mb4_0900_ai_ci;


-- -----------------------------------------------------
-- Table `travel_agency_star_db`.`pending_reservations`
-- -----------------------------------------------------
DROP TABLE IF EXISTS `travel_agency_star_db`.`pending_reservations` ;

CREATE TABLE IF NOT EXISTS `travel_agency_star_db`.`pending_reservations` (
  `pending_reservation_id` INT NOT NULL AUTO_INCREMENT,
  PRIMARY KEY (`pending_reservation_id`))
ENGINE = InnoDB
AUTO_INCREMENT = 88
DEFAULT CHARACTER SET = utf8mb4
COLLATE = utf8mb4_0900_ai_ci;


-- -----------------------------------------------------
-- Table `travel_agency_star_db`.`vehicle`
-- -----------------------------------------------------
DROP TABLE IF EXISTS `travel_agency_star_db`.`vehicle` ;

CREATE TABLE IF NOT EXISTS `travel_agency_star_db`.`vehicle` (
  `id_vehicle` INT NOT NULL AUTO_INCREMENT,
  `number_of_seats` INT NOT NULL,
  `vehicle_type` ENUM('Bus', 'Plane', 'Ship') NOT NULL,
  `id_destination` INT NOT NULL,
  `vehicle_description` VARCHAR(255) NOT NULL,
  PRIMARY KEY (`id_vehicle`),
  INDEX `id_destination` (`id_destination` ASC),
  CONSTRAINT `vehicle_ibfk_1`
    FOREIGN KEY (`id_destination`)
    REFERENCES `travel_agency_star_db`.`destination` (`id_destination`)
    ON DELETE CASCADE)
ENGINE = InnoDB
AUTO_INCREMENT = 18
DEFAULT CHARACTER SET = utf8mb4
COLLATE = utf8mb4_0900_ai_ci;


-- -----------------------------------------------------
-- Table `travel_agency_star_db`.`travel`
-- -----------------------------------------------------
DROP TABLE IF EXISTS `travel_agency_star_db`.`travel` ;

CREATE TABLE IF NOT EXISTS `travel_agency_star_db`.`travel` (
  `id_travel` INT NOT NULL AUTO_INCREMENT,
  `travel_start_date` DATETIME NOT NULL,
  `travel_end_date` DATETIME NOT NULL,
  `number_of_nights` INT NOT NULL,
  `travel_category` ENUM('Winter', 'Summer', 'Last_min', 'New_year') NOT NULL,
  `id_destination` INT NOT NULL,
  `id_vehicle` INT NULL DEFAULT NULL,
  `id_accommodation_unit` INT NULL DEFAULT NULL,
  `travel_price` FLOAT NOT NULL,
  PRIMARY KEY (`id_travel`),
  INDEX `id_destination` (`id_destination` ASC),
  INDEX `id_accommodation_unit` (`id_accommodation_unit` ASC),
  INDEX `id_vehicle` (`id_vehicle` ASC),
  CONSTRAINT `travel_ibfk_2`
    FOREIGN KEY (`id_destination`)
    REFERENCES `travel_agency_star_db`.`destination` (`id_destination`)
    ON DELETE CASCADE,
  CONSTRAINT `travel_ibfk_6`
    FOREIGN KEY (`id_accommodation_unit`)
    REFERENCES `travel_agency_star_db`.`accommodation_unit` (`id_accommodation_unit`)
    ON DELETE SET NULL,
  CONSTRAINT `travel_ibfk_7`
    FOREIGN KEY (`id_vehicle`)
    REFERENCES `travel_agency_star_db`.`vehicle` (`id_vehicle`)
    ON DELETE SET NULL)
ENGINE = InnoDB
AUTO_INCREMENT = 22
DEFAULT CHARACTER SET = utf8mb4
COLLATE = utf8mb4_0900_ai_ci;


-- -----------------------------------------------------
-- Table `travel_agency_star_db`.`user`
-- -----------------------------------------------------
DROP TABLE IF EXISTS `travel_agency_star_db`.`user` ;

CREATE TABLE IF NOT EXISTS `travel_agency_star_db`.`user` (
  `id_user` INT NOT NULL AUTO_INCREMENT,
  `username` VARCHAR(45) NOT NULL,
  `email` VARCHAR(45) NOT NULL,
  `surname` VARCHAR(45) NOT NULL,
  `name` VARCHAR(45) NOT NULL,
  `birth_date` TIMESTAMP NOT NULL,
  `user_address` VARCHAR(45) NOT NULL,
  `user_phone` INT NOT NULL,
  `user_registered_date` TIMESTAMP NOT NULL,
  `user_role` ENUM('Passenger', 'Administrator', 'Organizer') NOT NULL,
  `password` VARCHAR(255) NOT NULL,
  `blocked` TINYINT(1) NULL DEFAULT NULL,
  `id_loyalty_card` INT NULL DEFAULT NULL,
  PRIMARY KEY (`id_user`),
  UNIQUE INDEX `username_UNIQUE` (`username` ASC),
  UNIQUE INDEX `email_UNIQUE` (`email` ASC),
  UNIQUE INDEX `user_phone_UNIQUE` (`user_phone` ASC),
  INDEX `fk_user_loyalty_card` (`id_loyalty_card` ASC),
  CONSTRAINT `fk_user_loyalty_card`
    FOREIGN KEY (`id_loyalty_card`)
    REFERENCES `travel_agency_star_db`.`loyalty_card` (`id_loyalty_card`)
    ON DELETE SET NULL)
ENGINE = InnoDB
AUTO_INCREMENT = 29
DEFAULT CHARACTER SET = utf8mb4
COLLATE = utf8mb4_0900_ai_ci;


-- -----------------------------------------------------
-- Table `travel_agency_star_db`.`reservation`
-- -----------------------------------------------------
DROP TABLE IF EXISTS `travel_agency_star_db`.`reservation` ;

CREATE TABLE IF NOT EXISTS `travel_agency_star_db`.`reservation` (
  `id_travel` INT NOT NULL,
  `id_user` INT NOT NULL,
  `passengers` INT NOT NULL,
  `price` FLOAT NOT NULL,
  `id_reservation` INT NOT NULL AUTO_INCREMENT,
  `created_at` TIMESTAMP NOT NULL,
  PRIMARY KEY (`id_reservation`),
  INDEX `id_travel` (`id_travel` ASC),
  INDEX `id_user` (`id_user` ASC),
  CONSTRAINT `reservation_ibfk_1`
    FOREIGN KEY (`id_travel`)
    REFERENCES `travel_agency_star_db`.`travel` (`id_travel`)
    ON DELETE CASCADE,
  CONSTRAINT `reservation_ibfk_2`
    FOREIGN KEY (`id_user`)
    REFERENCES `travel_agency_star_db`.`user` (`id_user`)
    ON DELETE CASCADE)
ENGINE = InnoDB
AUTO_INCREMENT = 88
DEFAULT CHARACTER SET = utf8mb4
COLLATE = utf8mb4_0900_ai_ci;


-- -----------------------------------------------------
-- Table `travel_agency_star_db`.`review`
-- -----------------------------------------------------
DROP TABLE IF EXISTS `travel_agency_star_db`.`review` ;

CREATE TABLE IF NOT EXISTS `travel_agency_star_db`.`review` (
  `id_review` INT NOT NULL AUTO_INCREMENT,
  `review_message` VARCHAR(500) NOT NULL,
  `review_stars` INT NOT NULL,
  `id_user` INT NOT NULL,
  `id_accommodation_unit` INT NOT NULL,
  PRIMARY KEY (`id_review`),
  INDEX `fk_accommodation_unit_review` (`id_accommodation_unit` ASC),
  INDEX `id_user` (`id_user` ASC),
  CONSTRAINT `fk_accommodation_unit_review`
    FOREIGN KEY (`id_accommodation_unit`)
    REFERENCES `travel_agency_star_db`.`accommodation_unit` (`id_accommodation_unit`),
  CONSTRAINT `review_ibfk_1`
    FOREIGN KEY (`id_user`)
    REFERENCES `travel_agency_star_db`.`user` (`id_user`)
    ON DELETE CASCADE)
ENGINE = InnoDB
AUTO_INCREMENT = 7
DEFAULT CHARACTER SET = utf8mb4
COLLATE = utf8mb4_0900_ai_ci;


-- -----------------------------------------------------
-- Table `travel_agency_star_db`.`travel_reservation`
-- -----------------------------------------------------
DROP TABLE IF EXISTS `travel_agency_star_db`.`travel_reservation` ;

CREATE TABLE IF NOT EXISTS `travel_agency_star_db`.`travel_reservation` (
  `tr_id` INT NOT NULL AUTO_INCREMENT,
  `id_travel` INT NOT NULL,
  `total_space` INT NOT NULL,
  `sold_space` INT NOT NULL,
  `available_space` INT NOT NULL,
  PRIMARY KEY (`tr_id`))
ENGINE = InnoDB
AUTO_INCREMENT = 54
DEFAULT CHARACTER SET = utf8mb4
COLLATE = utf8mb4_0900_ai_ci;


-- -----------------------------------------------------
-- Table `travel_agency_star_db`.`wishlist_user_travel`
-- -----------------------------------------------------
DROP TABLE IF EXISTS `travel_agency_star_db`.`wishlist_user_travel` ;

CREATE TABLE IF NOT EXISTS `travel_agency_star_db`.`wishlist_user_travel` (
  `id_user` INT NULL DEFAULT NULL,
  `id_travel` INT NULL DEFAULT NULL,
  `id_wishlist` INT NOT NULL AUTO_INCREMENT,
  PRIMARY KEY (`id_wishlist`),
  INDEX `id_user` (`id_user` ASC),
  INDEX `id_travel` (`id_travel` ASC),
  CONSTRAINT `wishlist_user_travel_ibfk_1`
    FOREIGN KEY (`id_user`)
    REFERENCES `travel_agency_star_db`.`user` (`id_user`)
    ON DELETE CASCADE,
  CONSTRAINT `wishlist_user_travel_ibfk_2`
    FOREIGN KEY (`id_travel`)
    REFERENCES `travel_agency_star_db`.`travel` (`id_travel`)
    ON DELETE CASCADE)
ENGINE = InnoDB
AUTO_INCREMENT = 31
DEFAULT CHARACTER SET = utf8mb4
COLLATE = utf8mb4_0900_ai_ci;


#inserts

INSERT INTO `travel_agency_star_db`.`user` (`id_user`,`username`,`email`,`surname`,`name`,`birth_date`,`user_address`,`user_phone`,`user_registered_date`,`user_role`,`password`,`blocked`,`id_loyalty_card`) VALUES (2,'memezarr','memezarr@gmail.com','Stojkov','Svetozar','1992-11-10 23:00:00','Ulica Vojvode Stepe 22',66000042,'2023-12-07 19:18:44','Passenger','password',1,NULL);
INSERT INTO `travel_agency_star_db`.`user` (`id_user`,`username`,`email`,`surname`,`name`,`birth_date`,`user_address`,`user_phone`,`user_registered_date`,`user_role`,`password`,`blocked`,`id_loyalty_card`) VALUES (4,'bruno','bruno@gmail.com','Brunovic','Bruno','2005-05-04 22:00:00','Ulica Brune 1',66666221,'2023-12-07 19:19:57','Passenger','password',0,32);
INSERT INTO `travel_agency_star_db`.`user` (`id_user`,`username`,`email`,`surname`,`name`,`birth_date`,`user_address`,`user_phone`,`user_registered_date`,`user_role`,`password`,`blocked`,`id_loyalty_card`) VALUES (5,'andrej','andrej123@gmail.com','Stjepanović','Andrej','1999-12-31 23:00:00','Ulica Vojvode Stepe 12',66642349,'2023-12-10 19:19:59','Administrator','password',0,NULL);
INSERT INTO `travel_agency_star_db`.`user` (`id_user`,`username`,`email`,`surname`,`name`,`birth_date`,`user_address`,`user_phone`,`user_registered_date`,`user_role`,`password`,`blocked`,`id_loyalty_card`) VALUES (6,'bratinaaa','brat123@gmail.com','Bratina','Brat','1999-12-31 23:00:00','Ulica Svetozara Stojkova 12',66000331,'2023-12-10 19:20:40','Organizer','password',0,NULL);
INSERT INTO `travel_agency_star_db`.`user` (`id_user`,`username`,`email`,`surname`,`name`,`birth_date`,`user_address`,`user_phone`,`user_registered_date`,`user_role`,`password`,`blocked`,`id_loyalty_card`) VALUES (8,'Asdfg','asdf123@gmail.com','Asdfg','Asdfg','2004-12-11 23:00:00','Ulica Brune 2',66913342,'2023-12-14 09:50:01','Passenger','password',0,NULL);
INSERT INTO `travel_agency_star_db`.`user` (`id_user`,`username`,`email`,`surname`,`name`,`birth_date`,`user_address`,`user_phone`,`user_registered_date`,`user_role`,`password`,`blocked`,`id_loyalty_card`) VALUES (11,'balboa','rocky.balboa@gmail.com','Balboa','Rocky','1994-12-14 23:00:00','Rokijeva 92',66888088,'2023-12-15 19:04:36','Passenger','password',0,NULL);
INSERT INTO `travel_agency_star_db`.`user` (`id_user`,`username`,`email`,`surname`,`name`,`birth_date`,`user_address`,`user_phone`,`user_registered_date`,`user_role`,`password`,`blocked`,`id_loyalty_card`) VALUES (12,'vardy','vardy123@gmail.com','Vardy','James','2001-11-13 23:00:00','James 165A',66999009,'2023-12-15 19:20:02','Passenger','password',0,NULL);
INSERT INTO `travel_agency_star_db`.`user` (`id_user`,`username`,`email`,`surname`,`name`,`birth_date`,`user_address`,`user_phone`,`user_registered_date`,`user_role`,`password`,`blocked`,`id_loyalty_card`) VALUES (14,'zeko','zeko123@gmail.com','Zajec','Alexander','1994-12-19 23:00:00','Nikola Tesla 424',66991339,'2023-12-20 13:18:33','Passenger','password',0,NULL);
INSERT INTO `travel_agency_star_db`.`user` (`id_user`,`username`,`email`,`surname`,`name`,`birth_date`,`user_address`,`user_phone`,`user_registered_date`,`user_role`,`password`,`blocked`,`id_loyalty_card`) VALUES (27,'yyyyy','yyyyy123@gmail.com','Yyyyy','Yyyyy','2000-12-30 23:00:00','Yyyyy',66600000,'2023-12-31 00:10:59','Passenger','password',0,31);
INSERT INTO `travel_agency_star_db`.`user` (`id_user`,`username`,`email`,`surname`,`name`,`birth_date`,`user_address`,`user_phone`,`user_registered_date`,`user_role`,`password`,`blocked`,`id_loyalty_card`) VALUES (28,'last','last@gmail.com','Last','Test','2000-10-09 22:00:00','Lastova Testova 22',64491251,'2024-01-09 18:25:43','Passenger','password',0,NULL);

INSERT INTO `travel_agency_star_db`.`loyalty_card` (`id_loyalty_card`,`points`,`id_user`,`activated`) VALUES (31,1,27,1);
INSERT INTO `travel_agency_star_db`.`loyalty_card` (`id_loyalty_card`,`points`,`id_user`,`activated`) VALUES (32,9,4,1);

INSERT INTO `travel_agency_star_db`.`destination` (`id_destination`,`destination_city`,`destination_country`,`destination_continent`,`destination_image`) VALUES (3,'Barcelona','Spain','Europe','barcelona.jpg');
INSERT INTO `travel_agency_star_db`.`destination` (`id_destination`,`destination_city`,`destination_country`,`destination_continent`,`destination_image`) VALUES (5,'Peking','China','Asia','peking.jpg');
INSERT INTO `travel_agency_star_db`.`destination` (`id_destination`,`destination_city`,`destination_country`,`destination_continent`,`destination_image`) VALUES (6,'Cairo','Egypt','Africa','cairo.jpg');
INSERT INTO `travel_agency_star_db`.`destination` (`id_destination`,`destination_city`,`destination_country`,`destination_continent`,`destination_image`) VALUES (7,'Madrid','Spain','Europe','madrid.jpg');
INSERT INTO `travel_agency_star_db`.`destination` (`id_destination`,`destination_city`,`destination_country`,`destination_continent`,`destination_image`) VALUES (12,'Tokyo','Japan','Asia','tokyo.jpg');
INSERT INTO `travel_agency_star_db`.`destination` (`id_destination`,`destination_city`,`destination_country`,`destination_continent`,`destination_image`) VALUES (15,'London','United Kingdom','Europe','london.jpg');

INSERT INTO `travel_agency_star_db`.`vehicle` (`id_vehicle`,`number_of_seats`,`vehicle_type`,`id_destination`,`vehicle_description`) VALUES (2,80,'Bus',3,'Krajnovic');
INSERT INTO `travel_agency_star_db`.`vehicle` (`id_vehicle`,`number_of_seats`,`vehicle_type`,`id_destination`,`vehicle_description`) VALUES (4,120,'Plane',5,'ChinaLine');
INSERT INTO `travel_agency_star_db`.`vehicle` (`id_vehicle`,`number_of_seats`,`vehicle_type`,`id_destination`,`vehicle_description`) VALUES (5,300,'Ship',6,'Pharaoh Ship');
INSERT INTO `travel_agency_star_db`.`vehicle` (`id_vehicle`,`number_of_seats`,`vehicle_type`,`id_destination`,`vehicle_description`) VALUES (6,20,'Bus',7,'Special One');
INSERT INTO `travel_agency_star_db`.`vehicle` (`id_vehicle`,`number_of_seats`,`vehicle_type`,`id_destination`,`vehicle_description`) VALUES (8,10,'Bus',3,'TestB2');
INSERT INTO `travel_agency_star_db`.`vehicle` (`id_vehicle`,`number_of_seats`,`vehicle_type`,`id_destination`,`vehicle_description`) VALUES (13,10,'Bus',12,'Tokyo Drift');
INSERT INTO `travel_agency_star_db`.`vehicle` (`id_vehicle`,`number_of_seats`,`vehicle_type`,`id_destination`,`vehicle_description`) VALUES (17,20,'Bus',15,'Howyadoing');

INSERT INTO `travel_agency_star_db`.`accommodation_unit` (`id_accommodation_unit`,`accommodation_unit_name`,`accommodation_unit_capacity`,`accommodation_type`,`wifi`,`bathroom`,`tv`,`conditioner`,`id_destination`,`accommodation_unit_description`) VALUES (1,'Test',8,'Apartment',1,1,1,0,3,'Test');
INSERT INTO `travel_agency_star_db`.`accommodation_unit` (`id_accommodation_unit`,`accommodation_unit_name`,`accommodation_unit_capacity`,`accommodation_type`,`wifi`,`bathroom`,`tv`,`conditioner`,`id_destination`,`accommodation_unit_description`) VALUES (5,'Madridistas Unit',4,'Hotel_one_night',1,0,0,0,7,'Testing unit');
INSERT INTO `travel_agency_star_db`.`accommodation_unit` (`id_accommodation_unit`,`accommodation_unit_name`,`accommodation_unit_capacity`,`accommodation_type`,`wifi`,`bathroom`,`tv`,`conditioner`,`id_destination`,`accommodation_unit_description`) VALUES (6,'Cairotel',10,'Apartment',1,1,1,1,6,'Unit in Cairo');
INSERT INTO `travel_agency_star_db`.`accommodation_unit` (`id_accommodation_unit`,`accommodation_unit_name`,`accommodation_unit_capacity`,`accommodation_type`,`wifi`,`bathroom`,`tv`,`conditioner`,`id_destination`,`accommodation_unit_description`) VALUES (10,'Nesto',4,'Apartment',1,0,0,0,3,'Barcelona2');
INSERT INTO `travel_agency_star_db`.`accommodation_unit` (`id_accommodation_unit`,`accommodation_unit_name`,`accommodation_unit_capacity`,`accommodation_type`,`wifi`,`bathroom`,`tv`,`conditioner`,`id_destination`,`accommodation_unit_description`) VALUES (11,'Acc Unit Peking',10,'Apartment',1,1,0,0,5,'Testing unit Peking');
INSERT INTO `travel_agency_star_db`.`accommodation_unit` (`id_accommodation_unit`,`accommodation_unit_name`,`accommodation_unit_capacity`,`accommodation_type`,`wifi`,`bathroom`,`tv`,`conditioner`,`id_destination`,`accommodation_unit_description`) VALUES (15,'Seireitei 2',10,'Apartment',1,0,0,0,12,'S.Tokyo');
INSERT INTO `travel_agency_star_db`.`accommodation_unit` (`id_accommodation_unit`,`accommodation_unit_name`,`accommodation_unit_capacity`,`accommodation_type`,`wifi`,`bathroom`,`tv`,`conditioner`,`id_destination`,`accommodation_unit_description`) VALUES (16,'Seireitei',10,'Apartment',1,1,1,1,12,'Seireitei T');
INSERT INTO `travel_agency_star_db`.`accommodation_unit` (`id_accommodation_unit`,`accommodation_unit_name`,`accommodation_unit_capacity`,`accommodation_type`,`wifi`,`bathroom`,`tv`,`conditioner`,`id_destination`,`accommodation_unit_description`) VALUES (19,'Kingdom House',20,'Apartment',1,1,1,1,15,'Elizabeth123');

INSERT INTO `travel_agency_star_db`.`review` (`id_review`,`review_message`,`review_stars`,`id_user`,`id_accommodation_unit`) VALUES (2,'All good!',5,27,16);
INSERT INTO `travel_agency_star_db`.`review` (`id_review`,`review_message`,`review_stars`,`id_user`,`id_accommodation_unit`) VALUES (3,'I will go here soon but from images it looks pretty',5,27,6);
INSERT INTO `travel_agency_star_db`.`review` (`id_review`,`review_message`,`review_stars`,`id_user`,`id_accommodation_unit`) VALUES (4,'Test',4,27,6);
INSERT INTO `travel_agency_star_db`.`review` (`id_review`,`review_message`,`review_stars`,`id_user`,`id_accommodation_unit`) VALUES (5,'Testing',1,27,10);
INSERT INTO `travel_agency_star_db`.`review` (`id_review`,`review_message`,`review_stars`,`id_user`,`id_accommodation_unit`) VALUES (6,'I WILL MARRY ELIZABETH',5,28,19);

INSERT INTO `travel_agency_star_db`.`travel` (`id_travel`,`travel_start_date`,`travel_end_date`,`number_of_nights`,`travel_category`,`id_destination`,`id_vehicle`,`id_accommodation_unit`,`travel_price`) VALUES (2,'2024-02-12 00:00:00','2024-02-17 00:00:00',5,'Winter',3,2,1,50000);
INSERT INTO `travel_agency_star_db`.`travel` (`id_travel`,`travel_start_date`,`travel_end_date`,`number_of_nights`,`travel_category`,`id_destination`,`id_vehicle`,`id_accommodation_unit`,`travel_price`) VALUES (6,'2024-04-04 00:00:00','2024-04-09 00:00:00',5,'Last_min',7,6,5,20000);
INSERT INTO `travel_agency_star_db`.`travel` (`id_travel`,`travel_start_date`,`travel_end_date`,`number_of_nights`,`travel_category`,`id_destination`,`id_vehicle`,`id_accommodation_unit`,`travel_price`) VALUES (13,'2025-12-11 23:00:00','2025-12-13 23:00:00',2,'Winter',5,4,11,30000);
INSERT INTO `travel_agency_star_db`.`travel` (`id_travel`,`travel_start_date`,`travel_end_date`,`number_of_nights`,`travel_category`,`id_destination`,`id_vehicle`,`id_accommodation_unit`,`travel_price`) VALUES (14,'2025-06-05 22:00:00','2025-06-11 22:00:00',6,'Summer',6,5,6,15000);
INSERT INTO `travel_agency_star_db`.`travel` (`id_travel`,`travel_start_date`,`travel_end_date`,`number_of_nights`,`travel_category`,`id_destination`,`id_vehicle`,`id_accommodation_unit`,`travel_price`) VALUES (16,'2024-06-03 22:00:00','2024-06-07 22:00:00',4,'Summer',3,8,10,30000);
INSERT INTO `travel_agency_star_db`.`travel` (`id_travel`,`travel_start_date`,`travel_end_date`,`number_of_nights`,`travel_category`,`id_destination`,`id_vehicle`,`id_accommodation_unit`,`travel_price`) VALUES (19,'2025-02-07 00:00:00','2025-02-09 00:00:00',2,'Summer',12,13,15,15000);
INSERT INTO `travel_agency_star_db`.`travel` (`id_travel`,`travel_start_date`,`travel_end_date`,`number_of_nights`,`travel_category`,`id_destination`,`id_vehicle`,`id_accommodation_unit`,`travel_price`) VALUES (21,'2024-12-11 23:00:00','2024-12-17 23:00:00',6,'Winter',15,17,19,80000);

INSERT INTO `travel_agency_star_db`.`wishlist_user_travel` (`id_user`,`id_travel`,`id_wishlist`) VALUES (2,2,1);
INSERT INTO `travel_agency_star_db`.`wishlist_user_travel` (`id_user`,`id_travel`,`id_wishlist`) VALUES (4,6,3);
INSERT INTO `travel_agency_star_db`.`wishlist_user_travel` (`id_user`,`id_travel`,`id_wishlist`) VALUES (8,13,4);
INSERT INTO `travel_agency_star_db`.`wishlist_user_travel` (`id_user`,`id_travel`,`id_wishlist`) VALUES (11,14,7);
INSERT INTO `travel_agency_star_db`.`wishlist_user_travel` (`id_user`,`id_travel`,`id_wishlist`) VALUES (12,14,8);
INSERT INTO `travel_agency_star_db`.`wishlist_user_travel` (`id_user`,`id_travel`,`id_wishlist`) VALUES (14,16,10);
INSERT INTO `travel_agency_star_db`.`wishlist_user_travel` (`id_user`,`id_travel`,`id_wishlist`) VALUES (27,6,29);

INSERT INTO `travel_agency_star_db`.`reservation` (`id_travel`,`id_user`,`passengers`,`price`,`id_reservation`,`created_at`) VALUES (19,27,1,15000,78,'2024-01-08 13:16:17');
INSERT INTO `travel_agency_star_db`.`reservation` (`id_travel`,`id_user`,`passengers`,`price`,`id_reservation`,`created_at`) VALUES (19,27,2,28500,79,'2024-01-08 13:17:02');
INSERT INTO `travel_agency_star_db`.`reservation` (`id_travel`,`id_user`,`passengers`,`price`,`id_reservation`,`created_at`) VALUES (19,27,1,15000,80,'2024-01-08 13:18:25');
INSERT INTO `travel_agency_star_db`.`reservation` (`id_travel`,`id_user`,`passengers`,`price`,`id_reservation`,`created_at`) VALUES (19,27,1,12750,82,'2024-01-08 13:21:28');
INSERT INTO `travel_agency_star_db`.`reservation` (`id_travel`,`id_user`,`passengers`,`price`,`id_reservation`,`created_at`) VALUES (2,4,2,81000,83,'2024-01-09 19:21:55');
INSERT INTO `travel_agency_star_db`.`reservation` (`id_travel`,`id_user`,`passengers`,`price`,`id_reservation`,`created_at`) VALUES (14,4,4,60000,84,'2024-01-09 19:23:29');
INSERT INTO `travel_agency_star_db`.`reservation` (`id_travel`,`id_user`,`passengers`,`price`,`id_reservation`,`created_at`) VALUES (16,4,1,21000,85,'2024-01-09 19:24:30');
INSERT INTO `travel_agency_star_db`.`reservation` (`id_travel`,`id_user`,`passengers`,`price`,`id_reservation`,`created_at`) VALUES (21,4,1,72000,86,'2024-01-09 19:28:40');
INSERT INTO `travel_agency_star_db`.`reservation` (`id_travel`,`id_user`,`passengers`,`price`,`id_reservation`,`created_at`) VALUES (21,28,19,1368000,87,'2024-01-09 19:30:08');

INSERT INTO `travel_agency_star_db`.`travel_reservation` (`tr_id`,`id_travel`,`total_space`,`sold_space`,`available_space`) VALUES (49,19,10,5,5);
INSERT INTO `travel_agency_star_db`.`travel_reservation` (`tr_id`,`id_travel`,`total_space`,`sold_space`,`available_space`) VALUES (50,2,8,2,6);
INSERT INTO `travel_agency_star_db`.`travel_reservation` (`tr_id`,`id_travel`,`total_space`,`sold_space`,`available_space`) VALUES (51,14,10,4,6);
INSERT INTO `travel_agency_star_db`.`travel_reservation` (`tr_id`,`id_travel`,`total_space`,`sold_space`,`available_space`) VALUES (52,16,4,1,3);
INSERT INTO `travel_agency_star_db`.`travel_reservation` (`tr_id`,`id_travel`,`total_space`,`sold_space`,`available_space`) VALUES (53,21,20,20,0);

INSERT INTO `travel_agency_star_db`.`coupon` (`id_coupon`,`id_travel`,`Winter`,`Summer`,`Last_min`,`New_year`,`coupon_start_date`,`coupon_end_date`,`coupon_discount`) VALUES (9,2,0,0,0,0,'2024-12-11 23:00:00','2024-12-11 23:00:00',10);
INSERT INTO `travel_agency_star_db`.`coupon` (`id_coupon`,`id_travel`,`Winter`,`Summer`,`Last_min`,`New_year`,`coupon_start_date`,`coupon_end_date`,`coupon_discount`) VALUES (10,6,0,0,0,0,'2024-04-03 22:00:00','2024-04-03 22:00:00',15);
INSERT INTO `travel_agency_star_db`.`coupon` (`id_coupon`,`id_travel`,`Winter`,`Summer`,`Last_min`,`New_year`,`coupon_start_date`,`coupon_end_date`,`coupon_discount`) VALUES (17,19,0,0,0,0,'2024-12-11 23:00:00','2026-12-11 23:00:00',5);
INSERT INTO `travel_agency_star_db`.`coupon` (`id_coupon`,`id_travel`,`Winter`,`Summer`,`Last_min`,`New_year`,`coupon_start_date`,`coupon_end_date`,`coupon_discount`) VALUES (18,NULL,1,0,0,0,'2024-12-11 23:00:00','2026-12-11 23:00:00',10);


SET SQL_MODE=@OLD_SQL_MODE;
SET FOREIGN_KEY_CHECKS=@OLD_FOREIGN_KEY_CHECKS;
SET UNIQUE_CHECKS=@OLD_UNIQUE_CHECKS;